{
    "boundary_conditions": [
        0,
        0
    ],
    "initial_conditions": [
        1.0,
        1.0,
        1.0,
        1.0,
        1.0,
        1.0,
        1.0,
        1.0,
        1.0,
        1.0,
        1.0,
        1.0,
        1.0,
        1.0,
        1.0,
        1.0,
        1.0,
        1.0,
        1.0,
        1.0,
        1.0,
        1.0,
        1.1333333333333337,
        1.3666666666666671,
        1.5999999999999996,
        1.833333333333333,
        2.0,
        2.0,
        2.0,
        2.0,
        2.0,
        2.0,
        2.0,
        2.0,
        2.0,
        2.0,
        2.0,
        2.0,
        2.0,
        2.0,
        2.0,
        2.0,
        2.0,
        2.0,
        2.0,
        2.0,
        2.0,
        2.0,
        2.0,
        2.0,
        2.0,
        2.0,
        2.0,
        2.0,
        2.0,
        2.0,
        2.0,
        2.0,
        2.0,
        2.0,
        2.0,
        2.0,
        2.0,
        2.0,
        2.0,
        2.333333333333332,
        2.8000000000000007,
        3.2666666666666657,
        3.7333333333333343,
        4.0,
        4.0,
        4.0,
        4.0,
        4.0,
        4.0,
        4.0,
        4.0,
        4.0,
        4.0,
        4.0,
        4.0,
        4.0,
        4.0,
        4.0,
        4.0,
        4.0,
        4.0,
        4.0,
        4.0,
        4.0,
        4.0,
        4.0,
        4.0,
        4.0,
        4.0,
        4.0,
        4.0,
        4.0,
        4.0,
        4.0,
        4.0,
        4.0,
        4.0,
        4.0,
        4.0,
        4.0,
        4.0,
        4.0,
        1.0,
        1.0,
        1.0,
        1.0,
        1.0,
        1.0,
        1.0,
        1.0,
        1.0,
        1.0,
        1.0,
        1.0,
        1.0,
        1.0,
        1.0,
        1.0,
        1.0,
        1.0,
        1.0,
        1.0,
        1.0,
        1.0,
        1.0,
        1.0,
        1.0,
        1.0,
        1.0,
        1.0,
        1.0,
        1.0,
        1.0,
        1.0,
        1.0,
        1.0,
        1.0,
        1.0,
        1.0,
        1.0,
        1.0,
        1.0,
        1.0,
        1.0
    ],
    "x": [
        0.0,
        0.23333333333333334,
        0.4666666666666667,
        0.7,
        0.9333333333333333,
        1.1666666666666667,
        1.4,
        1.6333333333333333,
        1.8666666666666667,
        2.1,
        2.3333333333333335,
        2.566666666666667,
        2.8,
        3.033333333333333,
        3.2666666666666666,
        3.5,
        3.7333333333333334,
        3.966666666666667,
        4.2,
        4.433333333333334,
        4.666666666666667,
        4.9,
        5.133333333333334,
        5.366666666666667,
        5.6,
        5.833333333333333,
        6.066666666666666,
        6.3,
        6.533333333333333,
        6.766666666666667,
        7.0,
        7.233333333333333,
        7.466666666666667,
        7.7,
        7.933333333333334,
        8.166666666666666,
        8.4,
        8.633333333333333,
        8.866666666666667,
        9.1,
        9.333333333333334,
        9.566666666666666,
        9.8,
        10.033333333333333,
        10.266666666666667,
        10.5,
        10.733333333333334,
        10.966666666666667,
        11.2,
        11.433333333333334,
        11.666666666666666,
        11.9,
        12.133333333333333,
        12.366666666666667,
        12.6,
        12.833333333333334,
        13.066666666666666,
        13.3,
        13.533333333333333,
        13.766666666666667,
        14.0,
        14.233333333333334,
        14.466666666666667,
        14.700000000000001,
        14.933333333333334,
        15.166666666666666,
        15.4,
        15.633333333333333,
        15.866666666666667,
        16.1,
        16.333333333333332,
        16.566666666666666,
        16.8,
        17.033333333333335,
        17.266666666666666,
        17.5,
        17.733333333333334,
        17.96666666666667,
        18.2,
        18.433333333333334,
        18.666666666666668,
        18.9,
        19.133333333333333,
        19.366666666666667,
        19.6,
        19.833333333333332,
        20.066666666666666,
        20.3,
        20.533333333333335,
        20.766666666666666,
        21.0,
        21.233333333333334,
        21.46666666666667,
        21.7,
        21.933333333333334,
        22.166666666666668,
        22.4,
        22.633333333333333,
        22.866666666666667,
        23.1,
        23.333333333333332,
        23.566666666666666,
        23.8,
        24.033333333333335,
        24.266666666666666,
        24.5,
        24.733333333333334,
        24.96666666666667,
        25.2,
        25.433333333333334,
        25.666666666666668,
        25.900000000000002,
        26.133333333333333,
        26.366666666666667,
        26.6,
        26.833333333333332,
        27.066666666666666,
        27.3,
        27.533333333333335,
        27.766666666666666,
        28.0,
        28.233333333333334,
        28.46666666666667,
        28.7,
        28.933333333333334,
        29.166666666666668,
        29.400000000000002,
        29.633333333333333,
        29.866666666666667,
        30.1,
        30.333333333333332,
        30.566666666666666,
        30.8,
        31.033333333333335,
        31.266666666666666,
        31.5,
        31.733333333333334,
        31.96666666666667,
        32.2,
        32.43333333333334,
        32.666666666666664,
        32.9,
        33.13333333333333,
        33.36666666666667,
        33.6,
        33.833333333333336,
        34.06666666666667,
        34.3,
        34.53333333333333,
        34.766666666666666
    ]
}